cust_id,gender
3500,0.8
3501,0.0
3502,0.0
3503,0.4511627906976744
3504,0.0
3505,1.0
3506,1.0
3507,0.0
3508,0.4511627906976744
3509,0.20967741935483872
3510,0.3225806451612903
3511,0.0
3512,0.3225806451612903
3513,0.0
3514,0.0
3515,0.0
3516,0.0
3517,0.23170731707317074
3518,0.4623115577889447
3519,1.0
3520,0.5
3521,0.23170731707317074
3522,1.0
3523,0.03571428571428571
3524,0.0
3525,0.0
3526,0.23170731707317074
3527,0.7777777777777778
3528,1.0
3529,0.4511627906976744
3530,0.2912912912912913
3531,1.0
3532,1.0
3533,0.0
3534,1.0
3535,0.4511627906976744
3536,1.0
3537,0.25
3538,0.5128205128205128
3539,0.0
3540,0.2912912912912913
3541,0.0
3542,0.43478260869565216
3543,0.0
3544,0.23170731707317074
3545,0.2912912912912913
3546,0.0
3547,0.03571428571428571
3548,0.0
3549,0.2912912912912913
3550,0.4511627906976744
3551,1.0
3552,0.20833333333333334
3553,0.0
3554,0.23170731707317074
3555,0.0
3556,0.0
3557,0.0
3558,0.2912912912912913
3559,0.0
3560,0.0
3561,0.2912912912912913
3562,0.3380281690140845
3563,0.3225806451612903
3564,0.0
3565,0.4511627906976744
3566,0.0
3567,1.0
3568,0.0
3569,0.43478260869565216
3570,0.3225806451612903
3571,0.5
3572,0.0
3573,0.1111111111111111
3574,1.0
3575,0.0
3576,0.0
3577,0.2912912912912913
3578,0.3380281690140845
3579,0.0
3580,0.6666666666666666
3581,0.4
3582,0.0
3583,0.32
3584,0.4623115577889447
3585,1.0
3586,0.0
3587,0.22772277227722773
3588,0.20967741935483872
3589,0.0
3590,0.2912912912912913
3591,0.2912912912912913
3592,0.0
3593,0.0
3594,0.3225806451612903
3595,0.5
3596,0.6956521739130435
3597,0.0
3598,0.0
3599,0.0
3600,0.1111111111111111
3601,0.0
3602,0.0
3603,0.20967741935483872
3604,0.23170731707317074
3605,0.0
3606,0.5
3607,0.0
3608,0.2912912912912913
3609,0.3380281690140845
3610,0.4511627906976744
3611,0.0
3612,1.0
3613,0.3225806451612903
3614,1.0
3615,0.0
3616,0.0
3617,1.0
3618,0.4511627906976744
3619,0.22772277227722773
3620,0.3380281690140845
3621,0.5278810408921933
3622,0.4623115577889447
3623,1.0
3624,0.20967741935483872
3625,0.0
3626,0.23170731707317074
3627,0.4166666666666667
3628,0.5
3629,0.0
3630,0.3380281690140845
3631,1.0
3632,0.2912912912912913
3633,1.0
3634,0.2912912912912913
3635,0.2912912912912913
3636,0.0
3637,0.2912912912912913
3638,0.0
3639,1.0
3640,0.0
3641,0.22772277227722773
3642,1.0
3643,0.2
3644,0.3380281690140845
3645,1.0
3646,0.23170731707317074
3647,0.0
3648,0.0
3649,0.4511627906976744
3650,0.0
3651,0.4623115577889447
3652,0.2912912912912913
3653,0.1111111111111111
3654,0.4511627906976744
3655,0.0
3656,0.5278810408921933
3657,0.0
3658,0.4166666666666667
3659,0.2912912912912913
3660,0.3225806451612903
3661,0.23170731707317074
3662,0.2912912912912913
3663,0.0
3664,0.5278810408921933
3665,0.6538461538461539
3666,1.0
3667,0.03571428571428571
3668,0.0
3669,0.0
3670,0.4166666666666667
3671,0.75
3672,0.3225806451612903
3673,0.5
3674,0.0
3675,1.0
3676,0.0
3677,1.0
3678,0.23170731707317074
3679,0.4511627906976744
3680,0.2912912912912913
3681,0.0
3682,0.0
3683,0.22772277227722773
3684,0.0
3685,0.23170731707317074
3686,0.0
3687,0.0
3688,0.2912912912912913
3689,0.0
3690,0.56
3691,0.0
3692,0.0
3693,0.2912912912912913
3694,0.18181818181818182
3695,1.0
3696,0.5278810408921933
3697,0.6956521739130435
3698,0.0
3699,0.0
3700,0.2912912912912913
3701,0.2912912912912913
3702,0.25
3703,0.0
3704,0.0
3705,0.5278810408921933
3706,0.2912912912912913
3707,0.0
3708,0.2912912912912913
3709,0.22772277227722773
3710,0.22772277227722773
3711,0.2912912912912913
3712,1.0
3713,0.0
3714,0.4623115577889447
3715,1.0
3716,0.4511627906976744
3717,0.6956521739130435
3718,0.0
3719,0.2912912912912913
3720,0.5
3721,0.0
3722,0.22772277227722773
3723,0.0
3724,0.0
3725,0.4623115577889447
3726,0.0
3727,0.4511627906976744
3728,0.0
3729,1.0
3730,0.4511627906976744
3731,0.4511627906976744
3732,0.1111111111111111
3733,0.32
3734,0.22772277227722773
3735,0.0
3736,0.0
3737,0.5
3738,0.2912912912912913
3739,1.0
3740,0.5128205128205128
3741,0.5278810408921933
3742,0.5278810408921933
3743,0.1111111111111111
3744,0.20967741935483872
3745,0.2912912912912913
3746,0.4623115577889447
3747,0.22772277227722773
3748,0.22772277227722773
3749,0.6666666666666666
3750,0.7777777777777778
3751,0.0
3752,0.3225806451612903
3753,0.0
3754,0.23170731707317074
3755,1.0
3756,0.6666666666666666
3757,0.5
3758,0.4623115577889447
3759,0.2912912912912913
3760,0.0
3761,0.0
3762,0.3380281690140845
3763,0.03571428571428571
3764,0.5278810408921933
3765,0.0
3766,0.0
3767,0.4623115577889447
3768,0.0
3769,0.3225806451612903
3770,0.0
3771,0.2912912912912913
3772,0.0
3773,0.0
3774,0.3225806451612903
3775,0.0
3776,1.0
3777,0.2912912912912913
3778,0.0
3779,1.0
3780,0.4511627906976744
3781,0.4623115577889447
3782,0.0
3783,0.0
3784,0.0
3785,1.0
3786,0.2912912912912913
3787,0.0
3788,0.4511627906976744
3789,0.0625
3790,0.0
3791,0.20833333333333334
3792,1.0
3793,0.6666666666666666
3794,0.2912912912912913
3795,0.0
3796,0.0
3797,0.0
3798,0.0
3799,1.0
3800,0.0
3801,0.0
3802,0.23170731707317074
3803,0.4166666666666667
3804,0.0
3805,0.5128205128205128
3806,0.4511627906976744
3807,0.0
3808,1.0
3809,0.0
3810,0.8
3811,1.0
3812,0.0
3813,0.0
3814,0.0
3815,1.0
3816,0.3380281690140845
3817,0.0
3818,0.4511627906976744
3819,0.3380281690140845
3820,0.8333333333333334
3821,0.0
3822,0.3380281690140845
3823,0.22772277227722773
3824,0.23170731707317074
3825,1.0
3826,0.23170731707317074
3827,1.0
3828,0.0
3829,0.0
3830,1.0
3831,0.0
3832,0.2912912912912913
3833,0.0
3834,0.23170731707317074
3835,0.0
3836,0.03571428571428571
3837,0.22772277227722773
3838,0.6666666666666666
3839,1.0
3840,0.20833333333333334
3841,0.03571428571428571
3842,0.0
3843,0.20967741935483872
3844,0.5128205128205128
3845,0.3
3846,0.2912912912912913
3847,1.0
3848,0.0
3849,0.0
3850,0.2912912912912913
3851,0.20967741935483872
3852,1.0
3853,0.0
3854,1.0
3855,0.20967741935483872
3856,1.0
3857,0.4166666666666667
3858,0.2912912912912913
3859,0.4511627906976744
3860,1.0
3861,1.0
3862,0.0
3863,0.0
3864,0.0
3865,0.4511627906976744
3866,0.0
3867,0.5278810408921933
3868,0.5278810408921933
3869,0.5
3870,0.0
3871,1.0
3872,1.0
3873,0.6538461538461539
3874,0.23170731707317074
3875,0.0
3876,0.1111111111111111
3877,0.0
3878,0.5
3879,0.6666666666666666
3880,0.4511627906976744
3881,0.03571428571428571
3882,0.3380281690140845
3883,0.23170731707317074
3884,0.2912912912912913
3885,1.0
3886,0.0
3887,0.2912912912912913
3888,0.2912912912912913
3889,0.2912912912912913
3890,1.0
3891,0.0
3892,0.0
3893,0.0
3894,0.22772277227722773
3895,0.0
3896,0.3380281690140845
3897,0.3225806451612903
3898,0.6666666666666666
3899,0.2912912912912913
3900,0.6666666666666666
3901,0.56
3902,0.3380281690140845
3903,0.23170731707317074
3904,0.2912912912912913
3905,0.20967741935483872
3906,1.0
3907,0.0
3908,0.23170731707317074
3909,0.0
3910,1.0
3911,0.0
3912,0.0
3913,0.0
3914,0.2912912912912913
3915,0.4166666666666667
3916,0.3380281690140845
3917,0.0
3918,0.5278810408921933
3919,0.22772277227722773
3920,1.0
3921,0.2912912912912913
3922,0.4623115577889447
3923,0.0
3924,0.0
3925,0.2912912912912913
3926,0.2912912912912913
3927,0.0
3928,0.0
3929,0.5128205128205128
3930,0.0
3931,0.2912912912912913
3932,1.0
3933,1.0
3934,0.22772277227722773
3935,0.23170731707317074
3936,0.4166666666666667
3937,0.18181818181818182
3938,1.0
3939,0.32
3940,0.0
3941,0.32
3942,0.0
3943,0.0
3944,0.0
3945,0.4623115577889447
3946,0.4511627906976744
3947,0.14285714285714285
3948,0.23170731707317074
3949,0.6666666666666666
3950,0.0
3951,0.0
3952,0.5278810408921933
3953,0.4623115577889447
3954,1.0
3955,0.4623115577889447
3956,0.4511627906976744
3957,0.0
3958,0.5128205128205128
3959,0.0
3960,0.5278810408921933
3961,0.9090909090909091
3962,1.0
3963,0.2912912912912913
3964,0.0
3965,0.0
3966,0.14285714285714285
3967,0.2912912912912913
3968,1.0
3969,0.2912912912912913
3970,0.3225806451612903
3971,0.22772277227722773
3972,0.0
3973,1.0
3974,0.2912912912912913
3975,0.0
3976,1.0
3977,1.0
3978,0.0
3979,0.23170731707317074
3980,0.23170731707317074
3981,0.0
3982,0.23170731707317074
3983,0.0
3984,0.2912912912912913
3985,0.14285714285714285
3986,0.0
3987,0.0
3988,0.0
3989,0.0
3990,0.23170731707317074
3991,0.0
3992,0.0
3993,0.03571428571428571
3994,0.20967741935483872
3995,0.3380281690140845
3996,0.3380281690140845
3997,0.4166666666666667
3998,0.0
3999,0.5278810408921933
4000,0.5882352941176471
4001,0.0
4002,0.3380281690140845
4003,0.1111111111111111
4004,0.2912912912912913
4005,1.0
4006,0.0
4007,0.5278810408921933
4008,0.4511627906976744
4009,0.0
4010,0.0
4011,0.4511627906976744
4012,0.32
4013,0.5
4014,0.3
4015,0.23170731707317074
4016,0.2912912912912913
4017,1.0
4018,0.4511627906976744
4019,0.0
4020,0.22772277227722773
4021,1.0
4022,0.4623115577889447
4023,0.20967741935483872
4024,0.4623115577889447
4025,0.0
4026,1.0
4027,1.0
4028,0.8333333333333334
4029,0.03571428571428571
4030,0.0
4031,0.22772277227722773
4032,0.4623115577889447
4033,0.5278810408921933
4034,0.0
4035,1.0
4036,0.2912912912912913
4037,0.22772277227722773
4038,0.18181818181818182
4039,0.22772277227722773
4040,0.5278810408921933
4041,0.4623115577889447
4042,0.2912912912912913
4043,0.5
4044,0.6538461538461539
4045,1.0
4046,0.3225806451612903
4047,0.0
4048,0.4511627906976744
4049,0.2912912912912913
4050,0.0
4051,0.4511627906976744
4052,0.4166666666666667
4053,0.2912912912912913
4054,0.5882352941176471
4055,0.0
4056,0.0
4057,1.0
4058,0.5128205128205128
4059,1.0
4060,0.4623115577889447
4061,0.0
4062,0.5278810408921933
4063,0.2912912912912913
4064,0.0
4065,0.0
4066,0.32
4067,0.18181818181818182
4068,0.0
4069,0.5278810408921933
4070,0.22772277227722773
4071,0.375
4072,0.2
4073,0.0
4074,0.2912912912912913
4075,0.4511627906976744
4076,0.0
4077,0.20967741935483872
4078,0.0
4079,1.0
4080,1.0
4081,0.14285714285714285
4082,0.2912912912912913
4083,0.5278810408921933
4084,0.0
4085,1.0
4086,0.5278810408921933
4087,0.4623115577889447
4088,0.2912912912912913
4089,0.22772277227722773
4090,0.22772277227722773
4091,1.0
4092,1.0
4093,0.5128205128205128
4094,0.23170731707317074
4095,0.0
4096,1.0
4097,0.5278810408921933
4098,1.0
4099,1.0
4100,1.0
4101,0.5278810408921933
4102,0.14285714285714285
4103,0.14285714285714285
4104,0.0
4105,1.0
4106,0.0
4107,0.2912912912912913
4108,0.4642857142857143
4109,0.2912912912912913
4110,0.03571428571428571
4111,0.5278810408921933
4112,0.2912912912912913
4113,0.0
4114,0.4623115577889447
4115,1.0
4116,0.5278810408921933
4117,0.23170731707317074
4118,0.0
4119,0.6538461538461539
4120,0.23170731707317074
4121,1.0
4122,0.4623115577889447
4123,0.23170731707317074
4124,1.0
4125,0.3225806451612903
4126,0.03571428571428571
4127,0.20967741935483872
4128,0.0
4129,0.0
4130,0.23170731707317074
4131,0.4623115577889447
4132,0.5
4133,0.3225806451612903
4134,0.4623115577889447
4135,0.0
4136,0.6666666666666666
4137,0.0
4138,0.3225806451612903
4139,0.1111111111111111
4140,0.5128205128205128
4141,0.0
4142,0.22772277227722773
4143,0.0
4144,1.0
4145,1.0
4146,0.2912912912912913
4147,0.0
4148,0.0
4149,0.0
4150,0.5
4151,1.0
4152,0.4623115577889447
4153,0.0
4154,0.2912912912912913
4155,0.3380281690140845
4156,1.0
4157,0.2912912912912913
4158,0.5278810408921933
4159,0.0
4160,1.0
4161,0.0
4162,1.0
4163,0.23170731707317074
4164,0.0
4165,0.4623115577889447
4166,0.4642857142857143
4167,1.0
4168,0.0
4169,0.3225806451612903
4170,1.0
4171,0.0
4172,0.0
4173,0.6956521739130435
4174,0.0
4175,0.2912912912912913
4176,0.4623115577889447
4177,0.22772277227722773
4178,0.23170731707317074
4179,0.0
4180,0.2912912912912913
4181,0.0
4182,0.0
4183,0.4166666666666667
4184,0.03571428571428571
4185,0.0
4186,0.0
4187,0.8125
4188,0.0
4189,0.6666666666666666
4190,0.0
4191,1.0
4192,0.0
4193,0.0
4194,0.4623115577889447
4195,0.75
4196,0.0
4197,0.0
4198,0.23170731707317074
4199,0.2912912912912913
4200,0.23170731707317074
4201,1.0
4202,0.22772277227722773
4203,0.0
4204,1.0
4205,0.03571428571428571
4206,0.32
4207,0.0
4208,0.8
4209,0.5278810408921933
4210,0.3225806451612903
4211,0.4623115577889447
4212,0.43478260869565216
4213,0.2912912912912913
4214,0.3
4215,0.3225806451612903
4216,0.56
4217,0.22772277227722773
4218,1.0
4219,0.0
4220,1.0
4221,0.23170731707317074
4222,0.5278810408921933
4223,0.22772277227722773
4224,0.0
4225,0.3225806451612903
4226,0.0
4227,0.0
4228,0.0
4229,0.0
4230,0.0
4231,0.2912912912912913
4232,0.0
4233,0.0
4234,0.3380281690140845
4235,0.0
4236,0.3225806451612903
4237,0.6538461538461539
4238,0.0
4239,0.5278810408921933
4240,0.22772277227722773
4241,0.0
4242,0.0
4243,0.22772277227722773
4244,0.6956521739130435
4245,0.5
4246,1.0
4247,0.5278810408921933
4248,0.3225806451612903
4249,0.0
4250,0.25
4251,0.4511627906976744
4252,0.0
4253,0.6956521739130435
4254,0.4642857142857143
4255,0.22772277227722773
4256,0.0
4257,0.0
4258,0.0
4259,0.5
4260,0.75
4261,0.14285714285714285
4262,0.0
4263,0.0
4264,0.4511627906976744
4265,0.22772277227722773
4266,1.0
4267,0.4166666666666667
4268,0.0
4269,0.0
4270,0.4642857142857143
4271,0.5
4272,0.0
4273,1.0
4274,1.0
4275,0.5278810408921933
4276,0.0
4277,0.43478260869565216
4278,0.0
4279,0.4623115577889447
4280,0.0
4281,0.2912912912912913
4282,0.0
4283,0.0
4284,0.0
4285,0.0
4286,0.5
4287,0.0
4288,0.2912912912912913
4289,0.5128205128205128
4290,0.3225806451612903
4291,0.0
4292,0.4642857142857143
4293,0.4511627906976744
4294,0.3
4295,0.03571428571428571
4296,0.5278810408921933
4297,1.0
4298,0.22772277227722773
4299,0.0
4300,1.0
4301,0.4166666666666667
4302,0.0
4303,0.0
4304,0.1111111111111111
4305,0.0
4306,0.4511627906976744
4307,0.22772277227722773
4308,1.0
4309,0.03571428571428571
4310,0.2912912912912913
4311,1.0
4312,0.4623115577889447
4313,0.5128205128205128
4314,0.4166666666666667
4315,0.0
4316,0.4623115577889447
4317,0.5278810408921933
4318,0.0
4319,0.5128205128205128
4320,0.23170731707317074
4321,0.2912912912912913
4322,0.2912912912912913
4323,0.2912912912912913
4324,0.0
4325,0.4623115577889447
4326,0.4623115577889447
4327,0.0
4328,0.0
4329,0.4642857142857143
4330,0.2912912912912913
4331,0.4511627906976744
4332,0.0
4333,0.0
4334,0.2912912912912913
4335,0.20833333333333334
4336,1.0
4337,0.4623115577889447
4338,0.0
4339,0.0
4340,0.3333333333333333
4341,0.0
4342,0.5278810408921933
4343,0.0
4344,0.4623115577889447
4345,0.22772277227722773
4346,0.0
4347,0.23170731707317074
4348,1.0
4349,1.0
4350,0.3333333333333333
4351,0.22772277227722773
4352,0.0
4353,0.4511627906976744
4354,0.0
4355,0.23170731707317074
4356,0.0
4357,0.23170731707317074
4358,0.4511627906976744
4359,1.0
4360,1.0
4361,0.0
4362,0.0
4363,0.4623115577889447
4364,0.8
4365,0.1111111111111111
4366,0.0
4367,0.4623115577889447
4368,0.0
4369,0.8333333333333334
4370,0.2912912912912913
4371,0.4623115577889447
4372,1.0
4373,0.0
4374,0.0
4375,1.0
4376,0.3333333333333333
4377,0.3225806451612903
4378,0.2912912912912913
4379,0.5278810408921933
4380,0.4623115577889447
4381,0.0
4382,1.0
4383,0.0
4384,1.0
4385,0.1111111111111111
4386,0.2912912912912913
4387,0.0
4388,0.0
4389,1.0
4390,0.0
4391,1.0
4392,0.5128205128205128
4393,0.2
4394,0.0
4395,0.23170731707317074
4396,0.23170731707317074
4397,0.20967741935483872
4398,0.0
4399,1.0
4400,0.2912912912912913
4401,0.4642857142857143
4402,0.4511627906976744
4403,0.20967741935483872
4404,0.4642857142857143
4405,1.0
4406,0.1111111111111111
4407,0.3380281690140845
4408,0.4623115577889447
4409,0.56
4410,0.0
4411,0.0
4412,0.0
4413,0.0
4414,0.0
4415,0.20967741935483872
4416,0.4511627906976744
4417,0.25
4418,0.2912912912912913
4419,0.22772277227722773
4420,0.3225806451612903
4421,0.2912912912912913
4422,0.0
4423,0.0
4424,1.0
4425,0.3225806451612903
4426,1.0
4427,0.0
4428,0.4511627906976744
4429,0.0
4430,0.0
4431,0.5278810408921933
4432,0.0
4433,0.22772277227722773
4434,0.0
4435,0.5278810408921933
4436,0.14285714285714285
4437,0.2912912912912913
4438,0.0
4439,1.0
4440,0.2912912912912913
4441,0.0
4442,1.0
4443,0.22772277227722773
4444,0.0
4445,0.0
4446,0.25
4447,0.5128205128205128
4448,0.0
4449,1.0
4450,0.22772277227722773
4451,0.5128205128205128
4452,1.0
4453,0.2912912912912913
4454,0.0
4455,0.23170731707317074
4456,0.20967741935483872
4457,0.22772277227722773
4458,0.1111111111111111
4459,0.20967741935483872
4460,0.5
4461,0.0
4462,0.4511627906976744
4463,0.0
4464,0.14285714285714285
4465,0.2912912912912913
4466,0.0
4467,0.23170731707317074
4468,0.9090909090909091
4469,0.4623115577889447
4470,0.14285714285714285
4471,0.6956521739130435
4472,1.0
4473,1.0
4474,0.0
4475,0.0
4476,0.25
4477,0.22772277227722773
4478,1.0
4479,0.0
4480,0.2912912912912913
4481,0.22772277227722773
4482,0.4623115577889447
4483,0.20967741935483872
4484,0.0
4485,1.0
4486,0.0
4487,0.23170731707317074
4488,0.3225806451612903
4489,0.25
4490,0.25
4491,0.0
4492,0.0
4493,0.4511627906976744
4494,0.0
4495,0.2912912912912913
4496,0.2912912912912913
4497,1.0
4498,0.4623115577889447
4499,1.0
4500,0.4
4501,0.0
4502,0.0
4503,0.4623115577889447
4504,0.2912912912912913
4505,0.0
4506,0.2912912912912913
4507,0.22772277227722773
4508,0.23170731707317074
4509,0.5
4510,0.0
4511,0.4511627906976744
4512,0.32
4513,0.23170731707317074
4514,0.5128205128205128
4515,0.0
4516,0.2912912912912913
4517,0.0
4518,0.8333333333333334
4519,0.0
4520,0.0
4521,0.4623115577889447
4522,0.0
4523,0.0
4524,1.0
4525,0.0
4526,0.4511627906976744
4527,0.0
4528,1.0
4529,0.2912912912912913
4530,0.0
4531,0.6666666666666666
4532,0.0
4533,0.0
4534,1.0
4535,0.1111111111111111
4536,0.4511627906976744
4537,0.2912912912912913
4538,0.2912912912912913
4539,0.0
4540,0.23170731707317074
4541,0.23170731707317074
4542,0.0
4543,0.2912912912912913
4544,0.3225806451612903
4545,0.5278810408921933
4546,0.4166666666666667
4547,0.2912912912912913
4548,0.23170731707317074
4549,0.5
4550,0.0625
4551,0.0
4552,0.5
4553,0.4511627906976744
4554,0.0
4555,0.2912912912912913
4556,0.0
4557,0.4642857142857143
4558,0.4623115577889447
4559,0.25
4560,0.23170731707317074
4561,0.0
4562,0.1111111111111111
4563,0.0
4564,0.0
4565,0.0
4566,0.0
4567,0.0
4568,0.0
4569,0.6956521739130435
4570,0.0
4571,0.5
4572,0.0
4573,1.0
4574,1.0
4575,1.0
4576,0.32
4577,0.0
4578,1.0
4579,0.0
4580,0.3225806451612903
4581,0.0
4582,0.0
4583,1.0
4584,0.22772277227722773
4585,0.0
4586,0.4623115577889447
4587,0.0
4588,0.5278810408921933
4589,0.14285714285714285
4590,0.5128205128205128
4591,1.0
4592,0.0
4593,1.0
4594,0.2912912912912913
4595,0.2912912912912913
4596,0.4623115577889447
4597,0.0
4598,0.4511627906976744
4599,1.0
4600,0.4623115577889447
4601,0.4511627906976744
4602,0.0
4603,0.22772277227722773
4604,0.0
4605,0.23170731707317074
4606,0.0
4607,0.3225806451612903
4608,0.56
4609,1.0
4610,0.4623115577889447
4611,0.5
4612,0.6666666666666666
4613,0.4511627906976744
4614,0.5
4615,0.0
4616,0.0
4617,0.4642857142857143
4618,0.3225806451612903
4619,0.6666666666666666
4620,0.4511627906976744
4621,0.0
4622,1.0
4623,0.4511627906976744
4624,0.5
4625,0.4511627906976744
4626,1.0
4627,0.6538461538461539
4628,0.4511627906976744
4629,0.8333333333333334
4630,1.0
4631,0.0
4632,0.0
4633,0.22772277227722773
4634,0.0
4635,0.1111111111111111
4636,1.0
4637,0.8
4638,0.0
4639,0.22772277227722773
4640,0.25
4641,0.0
4642,0.22772277227722773
4643,0.22772277227722773
4644,0.23170731707317074
4645,0.0
4646,0.20833333333333334
4647,1.0
4648,0.0
4649,0.5128205128205128
4650,0.23170731707317074
4651,0.20967741935483872
4652,1.0
4653,0.23170731707317074
4654,0.23170731707317074
4655,0.5278810408921933
4656,0.4511627906976744
4657,1.0
4658,0.23170731707317074
4659,0.0
4660,0.2912912912912913
4661,1.0
4662,0.0
4663,0.5278810408921933
4664,0.0
4665,0.75
4666,0.20967741935483872
4667,0.0
4668,0.23170731707317074
4669,0.4623115577889447
4670,0.0
4671,0.22772277227722773
4672,0.22772277227722773
4673,0.375
4674,0.23170731707317074
4675,0.0
4676,0.2912912912912913
4677,0.0
4678,0.0
4679,0.0
4680,0.3225806451612903
4681,0.23170731707317074
4682,0.0
4683,0.0
4684,1.0
4685,0.0
4686,0.4623115577889447
4687,0.0
4688,1.0
4689,0.1111111111111111
4690,0.0
4691,0.4511627906976744
4692,0.20967741935483872
4693,0.0
4694,0.0
4695,0.2912912912912913
4696,0.2912912912912913
4697,0.56
4698,0.0
4699,0.2912912912912913
4700,0.1111111111111111
4701,0.3225806451612903
4702,0.22772277227722773
4703,0.03571428571428571
4704,1.0
4705,0.5278810408921933
4706,0.2912912912912913
4707,1.0
4708,0.0
4709,0.5278810408921933
4710,0.3380281690140845
4711,0.0
4712,0.0
4713,0.6538461538461539
4714,0.0
4715,0.4623115577889447
4716,0.0
4717,0.3
4718,0.0
4719,0.6666666666666666
4720,0.0
4721,0.4511627906976744
4722,0.18181818181818182
4723,0.4623115577889447
4724,0.8333333333333334
4725,1.0
4726,0.4511627906976744
4727,0.22772277227722773
4728,0.0
4729,0.3380281690140845
4730,0.0
4731,0.0
4732,1.0
4733,0.0
4734,1.0
4735,0.22772277227722773
4736,0.20833333333333334
4737,0.5128205128205128
4738,0.25
4739,0.0
4740,0.0
4741,0.4623115577889447
4742,0.2912912912912913
4743,0.6666666666666666
4744,0.2912912912912913
4745,0.0
4746,0.6538461538461539
4747,0.0
4748,0.0
4749,0.0
4750,0.4623115577889447
4751,0.0
4752,0.0
4753,0.0
4754,0.4642857142857143
4755,1.0
4756,0.5
4757,0.0
4758,0.32
4759,1.0
4760,0.2912912912912913
4761,0.0
4762,0.4623115577889447
4763,0.0
4764,0.2912912912912913
4765,0.0625
4766,0.5
4767,1.0
4768,0.2912912912912913
4769,0.23170731707317074
4770,0.4642857142857143
4771,1.0
4772,0.0
4773,0.3225806451612903
4774,0.0
4775,0.0
4776,1.0
4777,0.0
4778,0.4511627906976744
4779,0.22772277227722773
4780,0.0
4781,1.0
4782,1.0
4783,0.2912912912912913
4784,1.0
4785,0.20967741935483872
4786,0.4623115577889447
4787,0.0
4788,1.0
4789,0.0
4790,0.0
4791,0.0625
4792,1.0
4793,0.2
4794,0.5278810408921933
4795,0.03571428571428571
4796,0.25
4797,0.4511627906976744
4798,0.23170731707317074
4799,0.4166666666666667
4800,0.0
4801,0.0
4802,0.2912912912912913
4803,0.2912912912912913
4804,0.23170731707317074
4805,0.0
4806,0.0
4807,0.0
4808,0.1111111111111111
4809,1.0
4810,0.0
4811,0.2912912912912913
4812,0.23170731707317074
4813,0.0
4814,0.4166666666666667
4815,1.0
4816,0.2912912912912913
4817,0.0
4818,1.0
4819,0.4623115577889447
4820,0.22772277227722773
4821,0.25
4822,0.3380281690140845
4823,0.22772277227722773
4824,0.8333333333333334
4825,0.1111111111111111
4826,1.0
4827,0.4166666666666667
4828,0.0
4829,0.0
4830,0.22772277227722773
4831,0.20967741935483872
4832,0.14285714285714285
4833,0.5278810408921933
4834,0.4511627906976744
4835,0.0
4836,1.0
4837,1.0
4838,0.0
4839,0.2912912912912913
4840,0.5278810408921933
4841,0.5278810408921933
4842,0.4623115577889447
4843,0.4623115577889447
4844,0.0
4845,0.0
4846,0.3380281690140845
4847,1.0
4848,0.0
4849,0.22772277227722773
4850,0.0
4851,0.23170731707317074
4852,0.0
4853,1.0
4854,0.0
4855,0.0
4856,0.3380281690140845
4857,0.22772277227722773
4858,1.0
4859,0.2912912912912913
4860,0.0
4861,0.5
4862,0.0
4863,0.2912912912912913
4864,0.0
4865,0.03571428571428571
4866,0.0
4867,0.3333333333333333
4868,0.14285714285714285
4869,0.5
4870,0.22772277227722773
4871,0.5128205128205128
4872,0.20833333333333334
4873,0.2912912912912913
4874,1.0
4875,0.5
4876,1.0
4877,1.0
4878,0.0
4879,0.5278810408921933
4880,0.3225806451612903
4881,0.6666666666666666
4882,1.0
4883,0.0
4884,0.0
4885,0.23170731707317074
4886,0.3225806451612903
4887,0.22772277227722773
4888,0.4511627906976744
4889,0.4166666666666667
4890,0.0
4891,0.0
4892,0.0
4893,0.0
4894,1.0
4895,0.0
4896,0.0
4897,1.0
4898,0.22772277227722773
4899,0.4166666666666667
4900,0.23170731707317074
4901,0.4511627906976744
4902,1.0
4903,0.2912912912912913
4904,0.4623115577889447
4905,0.0
4906,0.0
4907,0.0
4908,0.0
4909,0.4623115577889447
4910,0.0
4911,0.0
4912,0.4
4913,1.0
4914,1.0
4915,0.0
4916,0.23170731707317074
4917,0.0
4918,0.4511627906976744
4919,1.0
4920,1.0
4921,0.0
4922,0.5128205128205128
4923,1.0
4924,0.0
4925,0.23170731707317074
4926,0.0
4927,0.0
4928,0.0
4929,0.3
4930,0.4511627906976744
4931,0.2912912912912913
4932,1.0
4933,1.0
4934,1.0
4935,0.0
4936,0.03571428571428571
4937,0.2912912912912913
4938,0.20833333333333334
4939,0.5
4940,0.0
4941,0.5128205128205128
4942,0.25
4943,0.4511627906976744
4944,0.3380281690140845
4945,0.0
4946,1.0
4947,0.0
4948,0.5278810408921933
4949,0.0
4950,0.0
4951,0.5128205128205128
4952,0.0
4953,0.0
4954,0.4623115577889447
4955,0.75
4956,0.0
4957,0.23170731707317074
4958,0.0
4959,0.4511627906976744
4960,0.0
4961,0.0
4962,0.0
4963,0.0
4964,0.23170731707317074
4965,0.0
4966,1.0
4967,0.0
4968,0.22772277227722773
4969,1.0
4970,0.22772277227722773
4971,0.4623115577889447
4972,0.22772277227722773
4973,1.0
4974,0.0
4975,0.23170731707317074
4976,0.2912912912912913
4977,0.0
4978,0.0
4979,1.0
4980,1.0
4981,0.4166666666666667
4982,0.23170731707317074
4983,0.4511627906976744
4984,0.0
4985,0.4623115577889447
4986,0.03571428571428571
4987,1.0
4988,0.3225806451612903
4989,0.5278810408921933
4990,0.5278810408921933
4991,0.5
4992,0.4511627906976744
4993,0.0
4994,1.0
4995,0.0
4996,0.22772277227722773
4997,0.0
4998,0.4623115577889447
4999,0.0
5000,0.23170731707317074
5001,1.0
5002,0.2912912912912913
5003,0.23170731707317074
5004,0.5882352941176471
5005,0.2
5006,0.0
5007,0.0
5008,0.0
5009,1.0
5010,0.0
5011,0.4
5012,0.2912912912912913
5013,1.0
5014,0.25
5015,0.0
5016,1.0
5017,1.0
5018,0.4166666666666667
5019,0.3225806451612903
5020,1.0
5021,0.22772277227722773
5022,1.0
5023,1.0
5024,0.32
5025,0.0
5026,0.0
5027,0.0
5028,0.22772277227722773
5029,1.0
5030,0.32
5031,0.20833333333333334
5032,0.0
5033,0.4623115577889447
5034,0.0
5035,0.2912912912912913
5036,0.4623115577889447
5037,0.5128205128205128
5038,0.20967741935483872
5039,0.3225806451612903
5040,1.0
5041,1.0
5042,0.0
5043,0.0
5044,0.0
5045,0.43478260869565216
5046,0.22772277227722773
5047,0.0
5048,0.4623115577889447
5049,1.0
5050,0.32
5051,0.2912912912912913
5052,0.6538461538461539
5053,0.5278810408921933
5054,0.0
5055,1.0
5056,0.4623115577889447
5057,0.3225806451612903
5058,0.3380281690140845
5059,0.8333333333333334
5060,0.0
5061,0.4166666666666667
5062,0.0
5063,1.0
5064,1.0
5065,1.0
5066,0.1111111111111111
5067,0.2912912912912913
5068,0.1111111111111111
5069,0.0
5070,0.4166666666666667
5071,0.0
5072,1.0
5073,0.5278810408921933
5074,0.20967741935483872
5075,0.3225806451612903
5076,0.0
5077,0.0
5078,0.2912912912912913
5079,1.0
5080,0.0
5081,0.6666666666666666
5082,0.23170731707317074
5083,0.2912912912912913
5084,0.0
5085,0.4623115577889447
5086,0.3225806451612903
5087,0.23170731707317074
5088,0.5278810408921933
5089,0.4511627906976744
5090,0.0
5091,1.0
5092,1.0
5093,0.0
5094,0.6538461538461539
5095,0.5278810408921933
5096,0.0
5097,0.4511627906976744
5098,0.4623115577889447
5099,0.0
5100,0.20967741935483872
5101,0.8125
5102,0.0
5103,0.0
5104,0.2912912912912913
5105,1.0
5106,1.0
5107,0.0
5108,0.43478260869565216
5109,1.0
5110,1.0
5111,0.5278810408921933
5112,0.2912912912912913
5113,0.4623115577889447
5114,0.3225806451612903
5115,0.0
5116,0.0
5117,0.2912912912912913
5118,0.4166666666666667
5119,0.0
5120,1.0
5121,0.1111111111111111
5122,0.0
5123,0.0
5124,0.0
5125,0.8125
5126,0.0
5127,0.4623115577889447
5128,0.0
5129,0.22772277227722773
5130,0.32
5131,0.0625
5132,1.0
5133,0.8333333333333334
5134,0.5278810408921933
5135,1.0
5136,0.0
5137,0.4511627906976744
5138,0.0
5139,0.4511627906976744
5140,0.5128205128205128
5141,0.4623115577889447
5142,0.0
5143,1.0
5144,0.5
5145,0.2912912912912913
5146,0.0
5147,1.0
5148,0.75
5149,0.0
5150,0.14285714285714285
5151,0.0
5152,0.6666666666666666
5153,0.0
5154,0.0
5155,0.2912912912912913
5156,0.0
5157,0.4511627906976744
5158,0.0
5159,0.0
5160,0.5278810408921933
5161,0.4166666666666667
5162,0.5278810408921933
5163,0.0
5164,0.23170731707317074
5165,0.4511627906976744
5166,0.6956521739130435
5167,0.18181818181818182
5168,0.3225806451612903
5169,1.0
5170,0.4511627906976744
5171,0.32
5172,0.22772277227722773
5173,0.5128205128205128
5174,0.0
5175,0.6666666666666666
5176,0.20967741935483872
5177,0.0
5178,0.0
5179,1.0
5180,0.3225806451612903
5181,1.0
5182,0.23170731707317074
5183,0.20967741935483872
5184,0.2912912912912913
5185,0.03571428571428571
5186,0.43478260869565216
5187,0.3380281690140845
5188,0.4623115577889447
5189,0.0
5190,0.20967741935483872
5191,0.2912912912912913
5192,0.0
5193,0.0
5194,0.5128205128205128
5195,0.0
5196,0.56
5197,0.0
5198,0.6666666666666666
5199,1.0
5200,0.0
5201,0.3380281690140845
5202,0.20967741935483872
5203,0.8333333333333334
5204,0.23170731707317074
5205,0.4642857142857143
5206,0.0625
5207,0.2912912912912913
5208,0.6666666666666666
5209,1.0
5210,0.3
5211,0.3333333333333333
5212,0.2912912912912913
5213,0.4623115577889447
5214,0.0
5215,0.4511627906976744
5216,0.0
5217,0.4623115577889447
5218,0.0
5219,0.4511627906976744
5220,0.0
5221,1.0
5222,0.5278810408921933
5223,0.2912912912912913
5224,1.0
5225,0.0
5226,1.0
5227,0.22772277227722773
5228,0.23170731707317074
5229,1.0
5230,0.5882352941176471
5231,0.4511627906976744
5232,0.5278810408921933
5233,0.0
5234,0.23170731707317074
5235,0.0
5236,0.0
5237,1.0
5238,1.0
5239,0.14285714285714285
5240,0.22772277227722773
5241,0.0
5242,0.0
5243,0.32
5244,0.03571428571428571
5245,0.2912912912912913
5246,1.0
5247,1.0
5248,1.0
5249,0.0
5250,0.0
5251,0.1111111111111111
5252,0.0
5253,0.3225806451612903
5254,0.5
5255,0.2912912912912913
5256,0.2912912912912913
5257,0.0
5258,1.0
5259,0.3380281690140845
5260,0.20967741935483872
5261,0.4623115577889447
5262,0.1111111111111111
5263,0.20967741935483872
5264,1.0
5265,0.32
5266,0.23170731707317074
5267,0.3225806451612903
5268,0.0
5269,0.0
5270,0.5
5271,0.4511627906976744
5272,0.0
5273,0.4511627906976744
5274,0.03571428571428571
5275,0.4511627906976744
5276,0.5882352941176471
5277,1.0
5278,0.22772277227722773
5279,0.4511627906976744
5280,0.0
5281,1.0
5282,0.2912912912912913
5283,0.0
5284,0.2912912912912913
5285,0.0
5286,1.0
5287,0.5278810408921933
5288,0.23170731707317074
5289,0.5128205128205128
5290,0.0
5291,0.2912912912912913
5292,0.0
5293,0.4511627906976744
5294,0.5278810408921933
5295,0.0
5296,0.23170731707317074
5297,0.5128205128205128
5298,0.20967741935483872
5299,0.4511627906976744
5300,0.0
5301,0.23170731707317074
5302,0.0
5303,1.0
5304,0.0
5305,0.23170731707317074
5306,1.0
5307,0.5
5308,0.3380281690140845
5309,0.5
5310,0.0
5311,0.0
5312,0.0
5313,0.2912912912912913
5314,1.0
5315,0.0
5316,0.4511627906976744
5317,1.0
5318,1.0
5319,0.5
5320,0.22772277227722773
5321,0.0
5322,0.03571428571428571
5323,1.0
5324,0.4623115577889447
5325,1.0
5326,0.2912912912912913
5327,0.4623115577889447
5328,0.22772277227722773
5329,0.0
5330,0.3380281690140845
5331,0.4166666666666667
5332,0.2912912912912913
5333,0.2912912912912913
5334,1.0
5335,0.3225806451612903
5336,0.5278810408921933
5337,0.5
5338,0.0
5339,0.3225806451612903
5340,0.22772277227722773
5341,0.0
5342,0.5
5343,0.0
5344,0.0
5345,0.2912912912912913
5346,0.0
5347,0.0
5348,0.0
5349,1.0
5350,0.2912912912912913
5351,0.2912912912912913
5352,0.5278810408921933
5353,0.4623115577889447
5354,1.0
5355,1.0
5356,0.0
5357,0.6666666666666666
5358,0.8333333333333334
5359,0.25
5360,1.0
5361,0.3380281690140845
5362,0.5
5363,1.0
5364,0.0
5365,0.4623115577889447
5366,0.43478260869565216
5367,0.4511627906976744
5368,1.0
5369,0.0
5370,0.2912912912912913
5371,0.4623115577889447
5372,0.4623115577889447
5373,0.0
5374,0.0
5375,0.0
5376,0.0
5377,0.5128205128205128
5378,0.4642857142857143
5379,0.0
5380,1.0
5381,1.0
5382,0.4166666666666667
5383,0.0
5384,0.4623115577889447
5385,0.3225806451612903
5386,0.4511627906976744
5387,0.5278810408921933
5388,0.3380281690140845
5389,1.0
5390,1.0
5391,0.1111111111111111
5392,0.0
5393,0.20967741935483872
5394,0.23170731707317074
5395,0.4623115577889447
5396,0.0
5397,0.3
5398,0.8125
5399,0.0
5400,0.4166666666666667
5401,0.5278810408921933
5402,0.4511627906976744
5403,0.0
5404,0.0
5405,0.0
5406,0.4511627906976744
5407,0.0
5408,1.0
5409,1.0
5410,0.0
5411,0.5278810408921933
5412,0.0
5413,1.0
5414,0.8125
5415,0.0
5416,1.0
5417,0.0
5418,1.0
5419,0.20967741935483872
5420,0.0
5421,0.0
5422,0.3225806451612903
5423,0.2912912912912913
5424,1.0
5425,0.20967741935483872
5426,0.0
5427,0.5128205128205128
5428,0.2912912912912913
5429,0.0
5430,0.0
5431,0.4511627906976744
5432,0.0
5433,0.0
5434,0.6956521739130435
5435,0.0
5436,0.14285714285714285
5437,0.4511627906976744
5438,0.0
5439,0.5278810408921933
5440,0.5
5441,0.22772277227722773
5442,0.0
5443,0.4166666666666667
5444,0.03571428571428571
5445,1.0
5446,0.2912912912912913
5447,0.0
5448,0.5128205128205128
5449,0.5
5450,0.0
5451,0.22772277227722773
5452,0.5
5453,0.4511627906976744
5454,0.3225806451612903
5455,0.0
5456,0.0
5457,0.0
5458,0.4511627906976744
5459,0.0
5460,0.0
5461,0.0
5462,1.0
5463,0.0
5464,0.4166666666666667
5465,1.0
5466,0.0
5467,0.0
5468,0.0
5469,0.4623115577889447
5470,0.2912912912912913
5471,0.4511627906976744
5472,0.0
5473,0.23170731707317074
5474,0.0
5475,0.4166666666666667
5476,0.0625
5477,0.0
5478,0.4642857142857143
5479,0.03571428571428571
5480,1.0
5481,0.0
5482,0.5882352941176471
5483,0.0
5484,0.5
5485,0.5
5486,0.4166666666666667
5487,0.22772277227722773
5488,0.5
5489,0.2912912912912913
5490,0.5128205128205128
5491,0.2912912912912913
5492,0.7777777777777778
5493,0.14285714285714285
5494,0.2912912912912913
5495,0.4511627906976744
5496,1.0
5497,0.5
5498,0.20967741935483872
5499,0.4623115577889447
5500,1.0
5501,0.0
5502,1.0
5503,0.0
5504,0.22772277227722773
5505,0.25
5506,0.32
5507,0.5
5508,1.0
5509,0.0
5510,0.22772277227722773
5511,0.0
5512,0.25
5513,1.0
5514,1.0
5515,0.1111111111111111
5516,0.22772277227722773
5517,0.5128205128205128
5518,0.5278810408921933
5519,0.0
5520,0.4511627906976744
5521,0.22772277227722773
5522,1.0
5523,0.0
5524,0.3380281690140845
5525,0.0
5526,0.5278810408921933
5527,0.0
5528,0.5278810408921933
5529,0.2912912912912913
5530,0.0
5531,0.2912912912912913
5532,0.2912912912912913
5533,0.0
5534,0.22772277227722773
5535,0.22772277227722773
5536,0.5
5537,0.2912912912912913
5538,0.0
5539,0.0
5540,1.0
5541,0.0
5542,0.0
5543,0.0
5544,0.4642857142857143
5545,0.32
5546,0.0
5547,1.0
5548,0.22772277227722773
5549,0.0
5550,0.20967741935483872
5551,0.32
5552,0.0
5553,0.0
5554,0.23170731707317074
5555,0.14285714285714285
5556,0.0
5557,0.0
5558,0.23170731707317074
5559,0.0
5560,0.20967741935483872
5561,0.56
5562,0.0
5563,0.0
5564,0.4623115577889447
5565,0.2912912912912913
5566,0.23170731707317074
5567,0.22772277227722773
5568,0.2912912912912913
5569,0.2912912912912913
5570,1.0
5571,0.4623115577889447
5572,0.2912912912912913
5573,1.0
5574,0.1111111111111111
5575,0.23170731707317074
5576,0.22772277227722773
5577,0.0
5578,0.2912912912912913
5579,1.0
5580,0.5278810408921933
5581,0.3225806451612903
5582,0.9090909090909091
5583,0.0
5584,0.5128205128205128
5585,0.5278810408921933
5586,1.0
5587,0.0
5588,0.2912912912912913
5589,0.0
5590,0.0
5591,1.0
5592,0.4642857142857143
5593,0.5278810408921933
5594,0.0
5595,1.0
5596,0.0
5597,0.0
5598,0.18181818181818182
5599,1.0
5600,0.5278810408921933
5601,0.0
5602,0.4166666666666667
5603,1.0
5604,0.0
5605,0.5278810408921933
5606,1.0
5607,0.0
5608,0.0
5609,0.6666666666666666
5610,0.5278810408921933
5611,0.2
5612,1.0
5613,0.22772277227722773
5614,0.0
5615,0.2912912912912913
5616,1.0
5617,0.0
5618,0.2912912912912913
5619,0.5278810408921933
5620,0.4511627906976744
5621,0.2912912912912913
5622,0.25
5623,0.4166666666666667
5624,0.3225806451612903
5625,0.5
5626,0.2912912912912913
5627,0.0
5628,0.0
5629,0.3380281690140845
5630,0.4623115577889447
5631,0.0625
5632,0.4511627906976744
5633,0.3225806451612903
5634,1.0
5635,0.2912912912912913
5636,0.0
5637,0.3225806451612903
5638,0.6666666666666666
5639,0.3225806451612903
5640,0.5128205128205128
5641,0.4511627906976744
5642,0.2912912912912913
5643,0.4166666666666667
5644,1.0
5645,0.2912912912912913
5646,0.6666666666666666
5647,0.5128205128205128
5648,1.0
5649,0.5882352941176471
5650,0.03571428571428571
5651,0.2912912912912913
5652,0.4623115577889447
5653,0.0
5654,0.4642857142857143
5655,0.5128205128205128
5656,0.5278810408921933
5657,0.25
5658,1.0
5659,1.0
5660,0.0
5661,0.23170731707317074
5662,0.23170731707317074
5663,0.5278810408921933
5664,0.0
5665,1.0
5666,0.0
5667,0.5128205128205128
5668,1.0
5669,0.22772277227722773
5670,0.0
5671,0.4511627906976744
5672,0.4511627906976744
5673,0.22772277227722773
5674,0.4623115577889447
5675,0.3225806451612903
5676,0.3333333333333333
5677,0.3225806451612903
5678,0.0
5679,0.4623115577889447
5680,0.2912912912912913
5681,0.3380281690140845
5682,0.03571428571428571
5683,0.0
5684,0.5278810408921933
5685,0.2912912912912913
5686,0.0
5687,0.5128205128205128
5688,0.5128205128205128
5689,1.0
5690,0.5278810408921933
5691,0.2912912912912913
5692,1.0
5693,0.4642857142857143
5694,0.3225806451612903
5695,1.0
5696,0.0
5697,0.0
5698,1.0
5699,1.0
5700,0.0
5701,0.23170731707317074
5702,0.4623115577889447
5703,0.2912912912912913
5704,0.0
5705,0.2912912912912913
5706,0.0
5707,0.32
5708,0.0
5709,0.5278810408921933
5710,1.0
5711,0.4511627906976744
5712,0.20967741935483872
5713,0.20833333333333334
5714,0.0
5715,1.0
5716,0.0
5717,0.3
5718,0.0
5719,0.6666666666666666
5720,0.0
5721,0.0
5722,0.22772277227722773
5723,0.0
5724,0.0
5725,0.2912912912912913
5726,0.22772277227722773
5727,0.0
5728,0.25
5729,0.4166666666666667
5730,0.2912912912912913
5731,0.2912912912912913
5732,0.6666666666666666
5733,1.0
5734,1.0
5735,0.20967741935483872
5736,0.4623115577889447
5737,1.0
5738,0.3225806451612903
5739,0.0
5740,0.0
5741,0.03571428571428571
5742,0.0
5743,0.2912912912912913
5744,0.0
5745,0.5
5746,0.2912912912912913
5747,0.20967741935483872
5748,1.0
5749,0.20967741935483872
5750,0.2912912912912913
5751,0.5128205128205128
5752,0.23170731707317074
5753,0.0
5754,0.0
5755,0.0
5756,0.2912912912912913
5757,1.0
5758,0.0625
5759,0.0
5760,0.25
5761,1.0
5762,1.0
5763,1.0
5764,0.3380281690140845
5765,0.3380281690140845
5766,0.0
5767,0.22772277227722773
5768,0.3225806451612903
5769,1.0
5770,1.0
5771,0.5128205128205128
5772,0.2912912912912913
5773,0.22772277227722773
5774,0.5278810408921933
5775,0.0
5776,0.0
5777,0.0
5778,0.0
5779,0.5278810408921933
5780,0.0
5781,0.0
5782,0.0
5783,0.4166666666666667
5784,0.0
5785,0.22772277227722773
5786,0.0
5787,0.0
5788,0.5
5789,0.0
5790,0.03571428571428571
5791,0.3225806451612903
5792,0.4623115577889447
5793,0.0
5794,0.8333333333333334
5795,0.0
5796,0.2912912912912913
5797,0.0
5798,1.0
5799,1.0
5800,0.22772277227722773
5801,0.0
5802,0.0
5803,0.3333333333333333
5804,0.0
5805,0.0
5806,0.23170731707317074
5807,0.0
5808,0.3225806451612903
5809,0.2912912912912913
5810,0.2912912912912913
5811,0.4511627906976744
5812,0.25
5813,0.2912912912912913
5814,0.5278810408921933
5815,0.4511627906976744
5816,0.22772277227722773
5817,0.0
5818,0.4511627906976744
5819,0.0
5820,1.0
5821,0.0
5822,1.0
5823,0.4166666666666667
5824,0.0
5825,0.4166666666666667
5826,1.0
5827,0.5
5828,0.3380281690140845
5829,0.0
5830,1.0
5831,0.23170731707317074
5832,0.25
5833,0.25
5834,0.4642857142857143
5835,0.0
5836,1.0
5837,0.4511627906976744
5838,1.0
5839,0.0
5840,1.0
5841,1.0
5842,0.0
5843,1.0
5844,0.0
5845,0.5128205128205128
5846,0.2912912912912913
5847,0.0
5848,0.0
5849,0.3
5850,0.22772277227722773
5851,0.4511627906976744
5852,0.0
5853,0.23170731707317074
5854,0.22772277227722773
5855,1.0
5856,0.25
5857,1.0
5858,0.22772277227722773
5859,0.5128205128205128
5860,0.0
5861,0.03571428571428571
5862,0.0
5863,0.4166666666666667
5864,1.0
5865,0.23170731707317074
5866,0.5
5867,0.0
5868,0.4623115577889447
5869,1.0
5870,0.23170731707317074
5871,1.0
5872,0.0
5873,0.0
5874,0.0
5875,0.0
5876,1.0
5877,0.0
5878,0.6956521739130435
5879,0.5278810408921933
5880,1.0
5881,0.0
5882,0.23170731707317074
5883,0.14285714285714285
5884,0.0
5885,0.2912912912912913
5886,0.0
5887,1.0
5888,1.0
5889,1.0
5890,0.0
5891,1.0
5892,0.0
5893,0.2912912912912913
5894,0.4623115577889447
5895,0.0
5896,0.4623115577889447
5897,0.23170731707317074
5898,0.0
5899,0.0
5900,0.0
5901,0.3380281690140845
5902,0.23170731707317074
5903,0.2912912912912913
5904,0.4166666666666667
5905,1.0
5906,1.0
5907,0.4623115577889447
5908,0.0
5909,0.2912912912912913
5910,0.23170731707317074
5911,0.2912912912912913
5912,0.0
5913,0.4511627906976744
5914,0.2912912912912913
5915,0.0
5916,0.4623115577889447
5917,0.0
5918,0.0
5919,0.0
5920,0.03571428571428571
5921,0.22772277227722773
5922,0.5278810408921933
5923,0.0
5924,0.5278810408921933
5925,0.22772277227722773
5926,0.6956521739130435
5927,0.0
5928,0.0
5929,0.14285714285714285
5930,0.4511627906976744
5931,1.0
5932,0.0
5933,0.0
5934,0.5882352941176471
5935,0.2912912912912913
5936,0.4166666666666667
5937,0.4642857142857143
5938,1.0
5939,0.0
5940,0.7777777777777778
5941,0.2912912912912913
5942,0.2912912912912913
5943,1.0
5944,0.0
5945,0.0
5946,0.0
5947,0.0
5948,0.0
5949,0.2912912912912913
5950,0.4623115577889447
5951,1.0
5952,0.4623115577889447
5953,0.2912912912912913
5954,0.23170731707317074
5955,0.0
5956,0.3380281690140845
5957,0.4511627906976744
5958,0.2912912912912913
5959,0.4511627906976744
5960,1.0
5961,0.2912912912912913
5962,0.6666666666666666
5963,0.0
5964,0.0
5965,0.0
5966,0.5278810408921933
5967,0.0
5968,1.0
5969,1.0
5970,0.3380281690140845
5971,0.0
5972,0.3225806451612903
5973,0.4511627906976744
5974,0.0
5975,0.4511627906976744
5976,0.2912912912912913
5977,0.4623115577889447
5978,0.0
5979,0.56
5980,1.0
5981,1.0
